Pretender,Traveler
Cry Baby,Editorial
Yesterday,Traveler
TATTOO,Rejoice
115 Million Kilometer Film,Escaparade
Subtitle,Traveler
I LOVE¡¦,Editorial
âÖÙ¤,Traveler
Universe,Editorial
Same Blue,Rejoice
Stand by You,Traveler
WHITE NOISE,Rejoice
Mixed Nuts,Rejoice
No Doubt,Escaparade
ìíßÈ,Rejoice
SOULSOUP,Rejoice
50%,50%
Laughter,Editorial
Chessboard,Rejoice
Sharon,Editorial
Apoptosis,Editorial
Get Back To ìÑßæ,Rejoice
Itan Na Star,REPORT
HELLO,Editorial
Anarchy,Rejoice
Vintage,Traveler
Bad For Me,Traveler
Parabola,Editorial
Shower,Editorial
¿ì¶÷ÀÌ,Rejoice
Finder,Rejoice
Last Song,Traveler
Sweet Tweet,Love to Peace wa Kimi no Naka
õÌý­ªÎ?Ûáª¤,Traveler
°³°í¾çÀÌ,REPORT
Ä³Ä¡º¼,Rejoice
Escapade,Escaparade
Tell Me Baby,Escaparade
FIRE GROUND,Traveler
Coffee To Syrup,Man in the Mirror
Pending Machine,Editorial
öúïÃ,Rejoice
Lady,Escaparade
B-Side Blues,Rejoice
Rowan,Traveler
Amazing,Traveler
Sousisouai,Editorial
Brothers,Escaparade
Kiiroikuruma,What's Going On?
Koi No Sarigiwa,Man in the Mirror
Fifty Five,REPORT
Second Line,Escaparade
Ai Nandaga,Love to Peace wa Kimi no Naka
Equal,REPORT
Yuugure Zoi,Love to Peace wa Kimi no Naka
Choral A,Mixed Nuts
What's Going On?,What's Going On?
Takaga I Love You,Escaparade
ÕéªÏÔ³Ö§ªì,Traveler
÷òäÔ,Mixed Nuts
Zero No Mamade Iraretara,Man in the Mirror
Driver,Escaparade
Lost In My Room,Editorial
Koi No Mae Narae,Love to Peace wa Kimi no Naka
